data_arc,full_name,
25227,  1566 Icarus (1949 MA),1566
24191,  1620 Geographos (1951 RA),1620
31567,  1862 Apollo (1932 HA),1862
16590,  1981 Midas (1973 EA),1981
30009,  2101 Adonis (1936 CA),2101
15156,  2102 Tantalus (1975 YA),2102
15028,  2135 Aristaeus (1977 HA),2135
31467,  2201 Oljato (1947 XC),2201
13878,  2340 Hathor (1976 UA),2340
14316,  3122 Florence (1981 ET3),3122
12688,  3200 Phaethon (1983 TB),3200
13173,  3361 Orpheus (1982 HR),3361
7394,  3362 Khufu (1984 QA),3362
12281,  3671 Dionysus (1984 KD),3671
12907,  3757 Anagolay (1982 XB),3757
24954,  4015 Wilson-Harrington (1979 VA),4015
10565,  4034 Vishnu (1986 PA),4034
30779,  4179 Toutatis (1989 AC),4179
21627,  4183 Cuno (1959 LM),4183
29560,  4450 Pan (1987 SY),4450
11278,  4486 Mithra (1987 SB),4486
10638,  4581 Asclepius (1989 FC),4581
13083,  4660 Nereus (1982 DB),4660
9817,  4769 Castalia (1989 PB),4769
16076,  4953 (1990 MU),4953
21109,  5011 Ptah (6743 P-L),5011
9945,  5189 (1990 UQ),5189
15421,  5604 (1992 FE),5604
12152,  5693 (1993 EA),5693
11016,  6037 (1988 EG),6037
12039,  6239 Minos (1989 QF),6239
8968,  6489 Golevka (1991 JX),6489
8895,  6491 (1991 OA),6491
10221,  7335 (1989 JA),7335
9796,  7341 (1991 VK),7341
15331,  7482 (1994 PC1),7482
10728,  7753 (1988 XB),7753
9368,  7822 (1991 CS),7822
9080,  8014 (1990 MF),8014
12851,  8566 (1996 EN),8566
10024,  9856 (1991 EE),9856
23434, 10115 (1992 SK),10115
10528, 11500 Tomaiyowit (1989 UR),11500
9483, 12538 (1998 OH),12538
23063, 12923 Zephyr (1999 GK4),12923
13832, 13651 (1997 BR),13651
7058, 14827 Hypnos (1986 JK),14827
12849, 16960 (1998 QS52),16960
2448, 20425 (1998 VD35),20425
22748, 22753 (1998 WT),22753
9906, 23187 (2000 PN9),23187
6336, 25143 Itokawa (1998 SF36),25143
15861, 26663 (2000 XK47),26663
7093, 27002 (1998 DV9),27002
24823, 29075 (1950 DA),29075
7381, 31669 (1999 JT6),31669
6933, 33342 (1998 WT24),33342
8528, 35107 (1991 VH),35107
9802, 35396 (1997 XF11),35396
7835, 37638 (1993 VB),37638
8744, 37655 Illapa (1994 PM),37655
5438, 38071 (1999 GU3),38071
9115, 39572 (1993 DQ1),39572
7298, 41429 (2000 GE2),41429
7202, 52760 (1998 ML14),52760
11076, 52768 (1998 OR2),52768
10146, 53319 (1999 JM8),53319
5913, 53426 (1999 SL5),53426
1123, 53429 (1999 TF5),53429
8817, 53550 (2000 BF19),53550
23135, 53789 (2000 ED104),53789
23014, 65679 (1989 UQ),65679
9827, 65690 (1991 DG),65690
8582, 65717 (1993 BX3),65717
7686, 65803 Didymos (1996 GT),65803
6234, 65909 (1998 FH12),65909
7385, 66391 (1999 KW4),66391
15411, 67367 (2000 LY27),67367
6240, 67381 (2000 OL8),67381
6346, 68216 (2001 CV26),68216
14066, 68346 (2001 KZ66),68346
6250, 68347 (2001 KB67),68347
5613, 68372 (2001 PM9),68372
8749, 68548 (2001 XR31),68548
23040, 68950 (2002 QF15),68950
29129, 69230 Hermes (1937 UB),69230
9829, 85182 (1991 AQ),85182
8375, 85236 (1993 KH),85236
2039, 85585 Mjolnir (1998 FG2),85585
3656, 85640 (1998 OX4),85640
7224, 85713 (1998 SS49),85713
9192, 85774 (1998 UT18),85774
6787, 85938 (1999 DJ4),85938
10251, 85989 (1999 JD6),85989
6866, 85990 (1999 JV6),85990
6983, 86039 (1999 NC43),86039
8665, 86819 (2000 GK137),86819
14667, 87684 (2000 SY2),87684
14639, 88254 (2001 FM129),88254
5913, 89136 (2001 US16),89136
13142, 89830 (2002 CE),89830
5459, 89958 (2002 LY45),89958
23418, 89959 (2002 NT7),89959
22740, 90075 (2002 VU94),90075
9595, 90403 (2003 YE45),90403
8540, 90416 (2003 YK118),90416
9781, 99248 (2001 KY66),99248
3946, 99942 Apophis (2004 MN4),99942
14241,100085 (1992 UY4),100085
3167,101869 (1999 MM),101869
6821,101955 Bennu (1999 RQ36),101955
8092,103067 (1999 XA143),103067
6604,111253 (2001 XU10),111253
10391,136617 (1994 CC),136617
8845,136618 (1994 CN2),136618
6516,136795 (1997 BQ),136795
7498,136849 (1998 CS1),136849
21222,137108 (1999 AN10),137108
6518,137120 (1999 BJ8),137120
6952,137126 (1999 CF9),137126
6887,137427 (1999 TF211),137427
11358,138095 (2000 DK79),138095
5936,138127 (2000 EE14),138127
6544,138175 (2000 EE104),138175
12726,138404 (2000 HA24),138404
6560,138524 (2000 OJ8),138524
3282,138727 (2000 SU180),138727
6132,138971 (2001 CB21),138971
6596,139211 (2001 GN2),139211
6260,139359 (2001 ME1),139359
4694,139622 (2001 QQ142),139622
6180,140039 (2001 SO73),140039
6185,140158 (2001 SX169),140158
7082,140288 (2001 SN289),140288
5980,141053 (2001 XT1),141053
3746,141432 (2002 CQ11),141432
5152,141495 (2002 EZ11),141495
4404,141525 (2002 FV5),141525
10249,141527 (2002 FG7),141527
11907,141593 (2002 HK12),141593
2954,141614 (2002 JV15),141614
6537,141851 (2002 PM6),141851
13419,143404 (2003 BD44),143404
13542,143487 (2003 CR20),143487
4285,143649 (2003 QQ47),143649
13349,143651 (2003 QO104),143651
12107,143992 (2004 AF),143992
23129,144332 (2004 DV24),144332
5808,144898 (2004 VD17),144898
4058,144900 (2004 VG64),144900
9511,152560 (1991 BN),152560
13022,152561 (1991 RB),152561
7681,152637 (1997 NC1),152637
8571,152664 (1998 FW4),152664
7210,152671 (1998 HL3),152671
10299,152680 (1998 KJ9),152680
7000,152685 (1998 MZ),152685
6254,152754 (1999 GS6),152754
11368,152770 (1999 RR28),152770
5493,152828 (1999 VT25),152828
5741,152978 (2000 GJ147),152978
6225,153002 (2000 JG5),153002
6254,153201 (2000 WO107),153201
7165,153220 (2000 YN29),153220
10445,153311 (2001 MG1),153311
7990,153814 (2001 WN5),153814
12723,153958 (2002 AM31),153958
1269,154019 (2002 CZ9),154019
5256,154269 (2002 SM),154269
4320,154275 (2002 SR41),154275
4304,154276 (2002 SY50),154276
5379,154302 (2002 UQ3),154302
10880,154330 (2002 VX94),154330
7418,154590 (2003 MA3),154590
1700,155338 (2006 MZ1),155338
5933,159504 (2000 WO67),159504
8141,159857 (2004 LJ1),159857
14096,161989 Cacus (1978 CA),161989
9679,162000 (1990 OS),162000
7234,162039 (1996 JG),162039
6587,162082 (1998 HL1),162082
6059,162116 (1998 SA15),162116
7204,162120 (1998 SH36),162120
6068,162162 (1999 DB7),162162
11075,162173 Ryugu (1999 JU3),162173
6765,162183 (1999 NB5),162183
5185,162210 (1999 SM5),162210
9860,162361 (2000 AF6),162361
1944,162416 (2000 EH26),162416
13575,162421 (2000 ET70),162421
5908,162422 (2000 EV70),162422
6550,162474 (2000 LB16),162474
5893,162510 (2000 QW69),162510
6548,162567 (2000 RW37),162567
4999,162687 (2000 UH1),162687
1295,162695 (2000 UL11),162695
6390,162783 (2000 YJ11),162783
5437,162825 (2001 BO61),162825
6582,162882 (2001 FD58),162882
2215,162922 (2001 OY13),162922
6177,162979 (2001 RA12),162979
8986,162998 (2001 SK162),162998
9277,163014 (2001 UA5),163014
4676,163026 (2001 XR30),163026
14475,163051 (2001 YJ4),163051
1108,163067 (2002 AP3),163067
4600,163132 (2002 CU11),163132
5922,163243 (2002 FB3),163243
5402,163249 (2002 GT),163249
5171,163348 (2002 NN4),163348
6113,163364 (2002 OD20),163364
8100,163373 (2002 PZ39),163373
5553,163683 (2002 YP2),163683
4328,163697 (2003 EF54),163697
5463,163818 (2003 RX7),163818
5828,163899 (2003 SD220),163899
12991,164121 (2003 YT1),164121
4823,164202 (2004 EW),164202
6186,164207 (2004 GU9),164207
5000,164211 (2004 JA27),164211
4803,164216 (2004 OT11),164216
6990,168318 (1989 DA),168318
4973,170086 (2002 XR14),170086
5149,170903 (2004 WS2),170903
6619,171576 (1999 VP11),171576
5861,171839 (2001 JM1),171839
1456,172678 (2003 YM137),172678
5959,173561 (2000 YV137),173561
6560,175706 (1996 FG3),175706
7315,175729 (1998 BB10),175729
5763,177049 (2003 EE16),177049
6161,177614 (2004 HK33),177614
2017,179806 (2002 TD66),179806
12413,180186 (2003 QZ30),180186
2392,184266 (2004 VW14),184266
6143,185851 (2000 DP107),185851
5456,186844 (2004 GA1),186844
5166,187040 (2005 JS108),187040
5671,189040 (2000 MU1),189040
5495,189865 (2003 NC),189865
7010,192559 (1998 VO),192559
7034,192563 (1998 WZ6),192563
8007,192642 (1999 RD32),192642
5374,194006 (2001 SG10),194006
5914,194268 (2001 UY4),194268
3355,196068 (2002 TW55),196068
5529,196625 (2003 RM10),196625
5490,197588 (2004 HE12),197588
1127,199003 (2005 WJ56),199003
2554,199145 (2005 YY128),199145
8270,199801 (2007 AE12),199801
7781,200840 (2001 XN254),200840
4080,202683 (2006 US216),202683
7949,205744 (2002 BK25),205744
5521,206378 (2003 RB),206378
5837,206910 (2004 NL8),206910
5435,207398 (2006 AS2),207398
20491,207945 (1991 JW),207945
6983,208023 (1999 AQ10),208023
6701,208115 (2000 CT101),208115
5189,212546 (2006 SV19),212546
5763,214869 (2007 PA8),214869
5491,215588 (2003 HF2),215588
4014,216115 (2006 SU19),216115
935,216258 (2006 WH1),216258
5545,216523 (2001 HY7),216523
6363,216985 (2000 QK130),216985
5490,217430 (2005 SN25),217430
20792,217628 Lugh (1990 HA),217628
5464,220839 (2004 VA),220839
2463,221455 (2006 BC10),221455
6207,221980 (1996 EO),221980
7788,226514 (2003 UX34),226514
9829,226554 (2003 WR21),226554
6267,228368 (2000 WK10),228368
5543,230111 (2001 BE10),230111
5173,230549 (2003 BH),230549
5009,231937 (2001 FO32),231937
5167,232691 (2004 AR1),232691
6529,234145 (2000 EW70),234145
8482,235756 (2004 VC),235756
5243,242216 (2003 RN10),242216
4242,242450 (2004 QY2),242450
4728,242643 (2005 NZ6),242643
4646,242708 (2005 UK1),242708
10029,243566 (1995 SA),243566
5124,244977 (2004 BE68),244977
4652,247360 (2001 XU),247360
4507,250620 (2005 GE59),250620
14195,250680 (2005 QC5),250680
3882,250706 (2005 RR6),250706
10163,251346 (2007 SJ),251346
5748,251722 (1997 US2),251722
5139,252399 (2001 TX44),252399
5358,253841 (2003 YG118),253841
5507,255071 (2005 UH6),255071
6846,260141 (2004 QT24),260141
22984,263976 (2009 KD5),263976
4042,264357 (2000 AZ93),264357
5016,264993 (2003 DX10),264993
5222,265196 (2004 BW58),265196
4764,265482 (2005 EE),265482
5506,267131 (2000 EK26),267131
6233,267221 (2001 AD2),267221
5960,267337 (2001 VK5),267337
4818,267494 (2002 JB9),267494
5528,267720 (2003 CA),267720
5841,267729 (2003 FC5),267729
7554,269690 (1996 RG3),269690
6142,275677 (2000 RS11),275677
5898,276033 (2002 AJ129),276033
3180,277475 (2005 WK4),277475
4547,277570 (2005 YP180),277570
5710,279744 (1998 KM3),279744
5490,279816 (2000 JE5),279816
3374,281375 (2008 JV19),281375
7029,285263 (1998 QE2),285263
6146,286080 (2001 TX1),286080
5139,289315 (2005 AN26),289315
3364,290772 (2005 VC),290772
5462,292220 (2006 SU49),292220
3686,294739 (2008 CM),294739
6994,297274 (1996 SK),297274
6091,297300 (1998 SC15),297300
6272,297418 (2000 SP43),297418
7703,301844 (1990 UA),301844
5507,302169 (2001 TD45),302169
4984,302831 (2003 FH),302831
3881,303450 (2005 BY2),303450
5544,304330 (2006 SX217),304330
8841,306383 (1993 VD),306383
3653,307005 (2001 XP1),307005
4836,308242 (2005 GO21),308242
4019,308635 (2005 YU55),308635
6204,310442 (2000 CH59),310442
15673,310560 (2001 QL142),310560
3896,311044 (2004 BB103),311044
5086,311066 (2004 DC),311066
1901,312070 (2007 TA19),312070
4313,314082 Dryope (2005 CZ36),314082
2402,314212 (2005 NJ1),314212
5518,317255 (2002 DJ5),317255
3298,325395 (2009 CQ5),325395
8382,326290 Akhenaten (1998 HE3),326290
4439,329437 (2002 OA22),329437
4775,329614 (2003 KU2),329614
3122,330233 (2006 KV86),330233
3064,331876 (2004 CL),331876
5802,332446 (2008 AF4),332446
3749,333521 (2005 PO),333521
6626,333578 (2006 KM103),333578
5347,337075 (1998 QC1),337075
4165,337558 (2001 SG262),337558
768,341843 (2008 EV5),341843
1954,342866 (2008 YU32),342866
5326,344076 (1998 HJ3),344076
4758,348306 (2005 AY28),348306
4811,348314 (2005 BC),348314
5662,348400 (2005 JF21),348400
3334,349068 (2006 YT13),349068
10268,349507 (2008 QY),349507
4790,350523 (2000 EA14),350523
4361,350751 (2002 AW),350751
3314,352102 (2007 AG12),352102
5802,354182 (2002 DU3),354182
6402,356991 (1998 QA1),356991
6062,357022 (1999 YG3),357022
6231,357024 (1999 YR14),357024
6121,357028 (2000 EJ26),357028
4863,357439 (2004 BL86),357439
5060,357594 (2004 XL35),357594
4349,357622 (2005 EY95),357622
2061,358471 (2007 NS4),358471
5525,358744 (2008 CR118),358744
2235,359170 (2009 CN5),359170
3574,359369 (2009 YG),359369
8984,360191 (1988 TA),360191
5884,361754 (2007 YV29),361754
7237,363024 (1998 OK1),363024
7239,363027 (1998 ST27),363027
4114,363067 (2000 CO101),363067
4512,363084 (2000 RD53),363084
5835,363116 (2001 GQ2),363116
5402,363305 (2002 NV16),363305
3631,363344 (2002 QC7),363344
22996,363505 (2003 UC20),363505
5128,363599 (2004 FG11),363599
4781,363734 (2004 XN50),363734
12401,363790 (2005 JE46),363790
4167,363831 (2005 PY16),363831
4104,364136 (2006 CJ),364136
2209,365014 (2008 OX2),365014
2079,365071 (2009 AV),365071
1102,365424 (2010 KX7),365424
3307,366746 (2004 LJ),366746
5068,366774 (2004 TB18),366774
2183,367248 (2007 MK13),367248
1038,367789 (2011 AG5),367789
4456,368203 (2001 KO2),368203
5143,368565 (2004 FE5),368565
2700,369057 (2008 DK5),369057
2926,369264 (2009 MS),369264
3576,371660 (2007 CN26),371660
6998,373135 (2011 SD173),373135
4964,374038 (2004 HW),374038
5498,374158 (2004 UL),374158
5732,374851 (2006 VV2),374851
5500,374855 (2006 VQ13),374855
3108,375054 (2007 PF6),375054
4763,375103 (2007 TD71),375103
23210,377097 (2002 WQ4),377097
3186,377732 (2005 XJ8),377732
2988,378160 (2006 WX1),378160
3326,378358 (2007 LD),378358
3315,380636 (2004 XN14),380636
3842,380981 (2006 SU131),380981
2902,381906 (2010 CL19),381906
10277,382395 (1990 SM),382395
7687,382406 (1996 AJ1),382406
4986,382745 (2003 CC),382745
4977,382758 (2003 GY),382758
4757,382825 (2003 XB22),382825
11036,385186 (1994 AW1),385186
5117,385252 (2001 EB18),385252
5382,385343 (2002 LV),385343
4020,385605 (2005 EJ225),385605
1884,386454 (2008 XM),386454
6167,386847 (2010 LR33),386847
7237,387505 (1998 KN3),387505
4173,387668 (2002 SZ),387668
4236,387746 (2003 MH4),387746
3690,388188 (2006 DP14),388188
3499,388945 (2008 TZ3),388945
2234,389694 (2011 QD48),389694
5481,390725 (2003 HB),390725
4375,390929 (2005 GP21),390929
5882,391211 (2006 HZ51),391211
2914,395207 (2010 HQ80),395207
6246,398188 Agni (2010 LE15),398188
5855,399457 (2002 PD43),399457
5751,399774 (2005 NB7),399774
5146,401856 (2000 KW43),401856
5520,401954 (2002 RW25),401954
4415,403775 (2011 HS4),403775
5414,405212 (2003 QC10),405212
4063,405762 (2005 YO180),405762
2981,406213 (2007 AB2),406213
6440,408792 (2000 GF2),408792
3190,409836 (2006 QY110),409836
3330,410627 (2008 RG1),410627
2471,410777 (2009 FD),410777
2062,410778 (2009 FG19),410778
1671,411165 (2010 DF1),411165
6989,412983 (1996 FO3),412983
4764,413260 (2003 TL4),413260
3677,413577 (2005 UL5),413577
3227,413989 (2007 EL88),413989
2534,414286 (2008 OC6),414286
2457,414287 (2008 OB9),414287
2421,414990 (2011 EM51),414990
10513,415029 (2011 UL21),415029
5832,415713 (1998 XX2),415713
8415,415745 (2000 GV147),415745
4243,416195 (2002 TR190),416195
3912,416591 (2004 LC2),416591
4772,416801 (2005 GC120),416801
4015,417211 (2005 XL80),417211
4428,417217 (2005 YS),417217
3164,417419 (2006 KL21),417419
5105,417612 (2006 WQ29),417612
2956,417634 (2006 XG1),417634
6524,417816 (2007 FA),417816
9279,417871 (2007 MB24),417871
3865,417949 (2007 TB23),417949
3511,418094 (2007 WV4),418094
4298,418135 (2008 AG33),418135
3479,418416 (2008 LV16),418416
3322,418849 (2008 WM64),418849
5789,419472 (2010 DW1),419472
1928,419624 (2010 SO16),419624
2769,419880 (2011 AH37),419880
2436,420210 (2011 HF),420210
5531,422686 (2000 AC6),422686
6440,422699 (2000 PD3),422699
7177,422787 (2001 WS1),422787
3794,423321 (2005 ED318),423321
3584,423709 (2006 BQ6),423709
6293,424482 (2008 DG5),424482
5869,425755 (2011 CP4),425755
3089,428209 (2006 VC),428209
2242,429094 (2009 SG2),429094
2708,429584 (2011 EU29),429584
5618,430440 (2000 OH),430440
4769,430544 (2002 GM2),430544
4053,430804 (2005 AD13),430804
7014,433953 (1997 XR2),433953
5608,434096 (2002 GO5),434096
5512,434188 (2003 AD23),434188
4407,434196 (2003 HG2),434196
4035,434326 (2004 JG6),434326
3625,434633 (2005 WB1),434633
3997,434677 (2006 BZ7),434677
4262,434734 (2006 FX),434734
2901,435159 (2007 LQ19),435159
2451,435548 (2008 QT3),435548
1983,436329 (2010 GX62),436329
4956,436671 (2011 SV71),436671
2178,436724 (2011 UW158),436724
2274,436774 (2012 KY3),436774
7413,437841 (1998 HD14),437841
5837,437844 (1999 MN),437844
4930,437905 (2001 XU30),437905
3780,438105 (2005 GO22),438105
2970,438661 (2008 EP6),438661
2012,438908 (2009 XO),438908
2478,438955 (2010 LN14),438955
2105,439313 (2012 VE82),439313
1405,439437 (2013 NK4),439437
5708,439877 (1999 XM141),439877
5447,440212 (2004 OB),440212
3547,441641 (2008 WZ13),441641
2942,441987 (2010 NY65),441987
1915,442037 (2010 PR66),442037
1913,442523 (2011 WU95),442523
1574,443103 (2013 WT67),443103
6379,443806 (1998 FL3),443806
5210,443880 (2001 UZ16),443880
4265,444004 (2004 AS1),444004
4650,444193 (2005 SE71),444193
4050,444584 (2006 UK),444584
2237,445305 (2010 DM56),445305
1023,445974 (2013 BJ18),445974
7080,446791 (1998 SJ70),446791
5251,446862 (2001 VB76),446862
3308,447755 (2007 JX2),447755
3398,448003 (2008 DE),448003
1725,448721 (2011 BN24),448721
6263,450142 (1998 XN2),450142
4456,450263 (2003 WD158),450263
5333,450270 (2004 AE),450270
4210,450293 (2004 LV3),450293
4832,450300 (2004 QD14),450300
23171,450894 (2008 BT18),450894
3301,451003 (2008 UD1),451003
2394,451124 (2009 KC3),451124
2474,451157 (2009 SQ104),451157
1858,451297 (2010 TK54),451297
1769,451370 (2011 AK5),451370
7307,452302 (1995 YR1),452302
5195,452376 (2002 AC5),452376
3745,452807 (2006 KV89),452807
2236,453563 (2010 BB),453563
1803,453707 (2010 XY72),453707
3123,453729 (2011 BO24),453729
1682,453778 (2011 JK),453778
1458,454094 (2013 BZ45),454094
1906,454100 (2013 BO73),454100
4645,454101 (2013 BP73),454101
8046,455148 (1994 UG),455148
5937,455176 (1999 VF22),455176
5858,455184 (2000 ED14),455184
5345,455299 (2002 EL6),455299
4098,455687 (2005 EK94),455687
2959,456938 (2007 YV56),456938
2584,457662 (2009 DZ),457662
5898,457768 (2009 KN4),457768
2852,458116 (2010 DA),458116
7017,458122 (2010 EW45),458122
1850,458418 (2011 AM12),458418
1925,458436 (2011 AL52),458436
1936,458723 (2011 KQ12),458723
955,459683 (2013 MY5),459683
3721,461852 (2006 GY2),461852
2945,462238 (2008 CN1),462238
3024,462550 (2009 CB3),462550
2108,462959 (2011 DU),462959
1952,463387 (2013 CT82),463387
5219,465617 (2009 EK1),465617
3936,465633 (2009 JR5),465633
2235,465824 (2010 FR),465824
2781,465892 (2010 UT7),465892
1466,466130 (2012 FZ23),466130
5683,466508 (2014 GY48),466508
8196,467309 (1996 AW1),467309
5753,467317 (2000 QW7),467317
5148,467336 (2002 LT38),467336
4765,467351 (2003 KO2),467351
4027,467460 (2006 JF42),467460
1275,468005 (2012 XD112),468005
4379,468468 (2004 KH17),468468
2215,468727 (2010 JE87),468727
5806,468910 (2014 KQ76),468910
5133,469445 (2002 LT24),469445
3886,469896 (2005 WC1),469896
4040,470310 (2007 LB15),470310
3519,471240 (2011 BT15),471240
2104,471241 (2011 BX18),471241
1886,471323 (2011 KW15),471323
1195,471926 (2013 KN6),471926
13913,474158 (1999 FA),474158
6333,474163 (1999 SO5),474163
5872,474231 (2001 HZ7),474231
4023,475534 (2006 TS7),475534
2893,476601 (2008 SE85),476601
2775,477162 (2009 ES),477162
5850,477465 (2009 XZ1),477465
5270,477519 (2010 DJ56),477519
2137,478574 (2012 TS78),478574
8033,480808 (1994 XL1),480808
6590,480820 (1998 VF32),480820
7063,480822 (1998 YM4),480822
5877,480858 (2001 PT9),480858
5498,480883 (2001 YE4),480883
4889,480936 (2003 QH5),480936
4037,481327 (2006 BB27),481327
4356,481394 (2006 SF6),481394
3689,481457 (2006 XD2),481457
3620,481482 (2007 CA19),481482
5644,481532 (2007 LE),481532
3441,481817 (2008 UL90),481817
2162,482250 (2011 LL2),482250
1946,482344 (2011 WL15),482344
1692,482467 (2012 LK9),482467
1500,482488 (2012 SW20),482488
1657,482650 (2013 BK18),482650
1362,482766 (2013 GF69),482766
1579,482796 (2013 QJ10),482796
5874,482798 (2013 QK48),482798
6521,483422 (2000 CE59),483422
6212,483423 (2000 DO1),483423
5838,483432 (2001 DF47),483432
5143,483508 (2003 CR1),483508
5122,483560 (2004 BV1),483560
4035,483989 (2006 CY10),483989
3490,484402 (2007 XH16),484402
3308,484506 (2008 ER7),484506
8503,484517 (2008 EC69),484517
2741,484976 (2009 UN3),484976
2134,485652 (2011 WO41),485652
861,487577 (2014 YQ15),487577
8075,488453 (1994 XD),488453
6676,488490 (2000 AF205),488490
5836,488515 (2001 FE90),488515
4600,488789 (2004 XK50),488789
4101,489486 (2007 GS3),489486
4666,490354 (2009 FF19),490354
4417,490581 (2009 WZ104),490581
6049,494658 (2000 UG11),494658
4772,494690 (2004 JQ1),494690
4617,494697 (2004 SW55),494697
5831,494710 (2005 MO13),494710
5482,494999 (2010 JU39),494999
2923,495187 (2012 VO76),495187
3662,496005 (2007 XJ16),496005
3431,496013 (2008 EL6),496013
10387,496816 (1989 UP),496816
10280,496817 (1989 VB),496817
6437,496860 (1999 XL136),496860
7025,496901 (2001 HB),496901
5175,497117 (2004 FU4),497117
4577,497245 (2005 FH),497245
2560,499582 (2010 TH19),499582
3947,500080 (2011 WV134),500080
7121,503861 (1998 WZ1),503861
7689,503941 (2003 UV11),503941
4589,504034 (2005 UJ159),504034
6329,504256 (2006 VD13),504256
3213,504680 (2009 EO2),504680
2829,504800 (2010 CO1),504800
5745,505178 (2012 TV78),505178
1375,505657 (2014 SR339),505657
779,506074 (2015 UM67),506074
6179,506491 (2003 UW29),506491
4088,506732 (2006 VW2),506732
3931,506859 (2007 VW137),506859
1505,507716 (2013 UP8),507716
6811,508774 (1999 JE1),508774
5149,508908 (2003 YX1),508908
4813,508967 (2004 VC17),508967
4211,509191 (2006 OC5),509191
4037,509352 (2007 AG),509352
4084,509456 (2007 LF),509456
5865,509821 (2008 WQ63),509821
3130,509935 (2009 QL8),509935
2839,510055 (2010 FH81),510055
5902,510529 (2012 EY11),510529
2998,511008 (2013 PX6),511008
4452,511684 (2015 BN509),511684
1132,512234 (2015 VO66),512234
7128,513126 (1998 QP),513126
5101,513171 (2004 MD6),513171
3511,513489 (2009 EV),513489
994,514150 (2015 KJ57),514150
8787,514568 (1994 RC),514568
5474,514596 (2003 FG),514596
1061,515767 (2015 JA2),515767
774,516154 (2016 CL32),516154
790,516155 (2016 DP),516155
4797,516454 (2005 FN4),516454
7704,517103 (2013 EM20),517103
23772,517681 (2015 DE198),517681
3729,518640 (2008 KZ5),518640
3509,518678 (2008 UZ94),518678
3020,518810 (2010 CF19),518810
6587,518847 (2010 DM),518847
770,522684 (2016 JP),522684
4,       (1979 XB),600011
7852,       (1983 LC),600017
8788,       (1991 GO),600033
8278,       (1994 CJ1),600098
6919,       (1994 EK),600102
26,       (1994 NE),600114
8005,       (1995 CR),600174
5,       (1996 JA1),600480
6263,       (1997 GL3),600614
22,       (1997 GD32),600618
5156,       (1997 QK1),600635
15,       (1997 VG6),600701
5883,       (1997 WQ23),600706
30,       (1998 BY7),600714
5294,       (1998 FF14),600734
18,       (1998 HT31),600748
971,       (1998 HH49),600749
6734,       (1998 QK28),600797
22,       (1998 QA62),600804
6615,       (1998 SH2),600827
5855,       (1998 SU4),600830
125,       (1998 SY14),600838
6978,       (1998 SZ27),600846
6760,       (1998 SL36),600852
14,       (1998 US18),600908
4197,       (1998 WB2),600928
10,       (1998 XD12),600963
2,       (1999 FR19),601070
239,       (1999 GL4),601103
20,       (1999 JZ10),601121
6,       (1999 LX1),601142
4760,       (1999 RM45),601186
5131,       (1999 SG10),601222
11,       (1999 TO13),601244
24,       (1999 TT16),601246
4869,       (1999 UR),601390
6064,       (1999 VR6),601426
88,       (1999 XS35),601523
4045,       (1999 XK136),601528
71,       (1999 YD),601540
5819,       (2000 AA6),601546
8727,       (2000 BO28),601586
5375,       (2000 CM33),601600
39,       (2000 CO33),601602
4419,       (2000 CP101),601619
135,       (2000 DN1),601669
6224,       (2000 EM26),601696
5561,       (2000 EU70),601700
5,       (2000 JF5),601802
6001,       (2000 KA),601815
13,       (2000 LF3),601835
31,       (2000 PY5),601874
5092,       (2000 PP9),601881
3467,       (2000 QS7),601905
5240,       (2000 QV7),601907
69,       (2000 SL10),602019
3937,       (2000 TU28),602172
52,       (2000 UQ30),602205
5113,       (2000 WC1),602227
4,       (2000 WH10),602233
4018,       (2000 YF29),602340
6347,       (2000 YG29),602341
2,       (2001 CA21),602380
6276,       (2001 EC),602425
6245,       (2001 FA58),602441
2912,       (2001 FC58),602443
11,       (2001 FB90),602449
3850,       (2001 GR2),603284
4046,       (2001 GT2),603286
6306,       (2001 HA4),603288
9,       (2001 HL31),603307
3469,       (2001 JV1),603311
213,       (2001 KF54),603318
6055,       (2001 LD),603340
4700,       (2001 QC34),603521
5107,       (2001 QJ96),603550
4518,       (2001 SQ3),603866
918,       (2001 SY269),604102
4087,       (2001 SZ269),604103
3805,       (2001 SG286),604119
4194,       (2001 TA2),604275
3602,       (2001 TC45),604300
7,       (2001 VB),604946
5886,       (2001 VC2),604948
6012,       (2001 VJ5),604959
24,       (2001 WH1),605050
5489,       (2001 WF49),605105
5129,       (2001 XQ),605164
388,       (2001 XX4),605174
5899,       (2001 XP31),605182
1455,       (2001 YP3),605312
880,       (2001 YV3),605318
11,       (2001 YB5),605323
1283,       (2002 AV),605386
4730,       (2002 AY1),605387
35,       (2002 AZ1),605388
5,       (2002 AS4),605396
1805,       (2002 AT4),605397
3132,       (2002 AC9),605402
1829,       (2002 BM26),605518
33,       (2002 CY9),605528
2549,       (2002 CD14),605536
5258,       (2002 CX58),605565
34,       (2002 DO3),605704
3265,       (2002 EY2),605732
13,       (2002 EU11),605750
4421,       (2002 EV11),605751
5099,       (2002 FC),605844
2949,       (2002 FQ5),605850
7,       (2002 GM5),605903
3920,       (2002 GJ8),605915
5134,       (2002 GZ8),605918
26,       (2002 HP11),606100
5467,       (2002 JX8),606119
69,       (2002 JZ8),606120
4014,       (2002 JE9),606123
3670,       (2002 JQ9),606125
31,       (2002 KG4),606191
3598,       (2002 KJ4),606192
3996,       (2002 KK8),606196
5848,       (2002 LX),606217
7,       (2002 LX64),606273
18,       (2002 MX),606290
7,       (2002 MR3),606295
31,       (2002 MT3),606297
1099,       (2002 NY40),606359
88,       (2002 PR1),606743
4225,       (2002 PF43),606835
3092,       (2002 PE130),606919
114,       (2002 QH10),607364
5831,       (2002 QQ40),607425
5343,       (2002 QW47),607438
22,       (2002 SQ41),609229
131,       (2002 TP69),609438
4243,       (2002 TB70),609441
5715,       (2002 UK11),610181
4730,       (2002 VE68),610443
5113,       (2002 VP69),610445
29,       (2002 VR85),610455
131,       (2002 XO14),610750
28,       (2002 XQ90),610802
4333,       (2003 AY2),610872
4489,       (2003 AA3),610873
21,       (2003 AC23),610885
5189,       (2003 AF23),610886
3713,       (2003 BB21),610945
3314,       (2003 BK47),610974
939,       (2003 BR47),610976
1657,       (2003 CG11),611021
4210,       (2003 EG16),611079
1851,       (2003 ED50),611097
29,       (2003 GG21),611196
4774,       (2003 GQ22),611202
2,       (2003 GR22),611203
21,       (2003 GP51),611220
4020,       (2003 HM),611232
4576,       (2003 HN16),611245
3488,       (2003 MU),611366
676,       (2003 MS2),611370
3898,       (2003 MK4),611373
5510,       (2003 NW1),611385
41,       (2003 OC3),611406
5110,       (2003 RS1),611637
15,       (2003 RB5),611643
2927,       (2003 SK84),611831
2906,       (2003 SS84),611835
4096,       (2003 TK2),612849
132,       (2003 TO9),612860
44,       (2003 TR9),612861
2513,       (2003 UX5),612950
2944,       (2003 VE1),613758
2639,       (2003 WG),613771
8,       (2003 WP21),613798
4669,       (2003 WC158),613925
3112,       (2003 WH166),613941
3976,       (2003 XM),613984
56,       (2003 YP1),614018
3279,       (2003 YS17),614048
30,       (2003 YD45),614064
4399,       (2003 YL118),614103
14,       (2003 YH136),614110
4790,       (2004 CO49),614368
1321,       (2004 DM44),614438
4622,       (2004 FW1),614577
192,       (2004 FJ11),614602
57,       (2004 FY31),614628
41,       (2004 GB2),614709
12,       (2004 GE2),614712
20,       (2004 HD2),614788
48,       (2004 HF12),614793
13,       (2004 HG12),614794
20,       (2004 HC39),614819
4778,       (2004 KB),614892
10,       (2004 KE17),614907
5113,       (2004 LB),614924
3,       (2004 LY5),614937
3116,       (2004 MD),614955
3511,       (2004 MX2),614963
26,       (2004 MP7),614977
5458,       (2004 PJ2),615044
3845,       (2004 PS42),615103
30,       (2004 QB),615223
17,       (2004 QX2),615238
72,       (2004 RQ10),615328
4245,       (2004 RW10),615329
4757,       (2004 RY10),615331
1128,       (2004 RF84),615463
4166,       (2004 RY109),615527
3118,       (2004 RZ164),615632
4817,       (2004 SS),615971
30,       (2004 TN1),616065
4984,       (2004 TP1),616067
4707,       (2004 TB10),616097
5040,       (2004 TG10),616101
4787,       (2004 TL10),616103
178,       (2004 UE),616849
4630,       (2004 UR1),616855
2974,       (2004 UU1),616858
1794,       (2004 UV1),616859
2757,       (2004 VB),616878
3297,       (2004 WK1),617047
13,       (2004 XO),617061
1469,       (2004 XL14),617077
4731,       (2004 XP14),617078
27,       (2004 XN29),617094
221,       (2005 AV27),617282
4826,       (2005 BG14),617333
5117,       (2005 CJ),617384
4294,       (2005 CL),617386
2937,       (2005 DD),617476
3920,       (2005 EA),617482
26,       (2005 EO33),617531
4040,       (2005 EW169),617700
3290,       (2005 FE3),617863
4740,       (2005 GL),617875
943,       (2005 GU),617877
2537,       (2005 GJ8),617884
1102,       (2005 GY8),617885
2388,       (2005 GD60),617964
24,       (2005 GH81),617982
2762,       (2005 JU1),618171
4735,       (2005 JU81),618328
1,       (2005 KJ10),618446
4398,       (2005 LW3),618462
31,       (2005 LX36),618508
927,       (2005 LW39),618516
3364,       (2005 NE7),618634
4648,       (2005 OX),618907
4080,       (2005 OD3),618918
3815,       (2005 OE3),618919
4760,       (2005 PJ2),618974
4191,       (2005 PA5),618976
3141,       (2005 QZ151),619557
2169,       (2005 RC34),619770
4481,       (2005 SQ),619840
2485,       (2005 TP),621061
2747,       (2005 TS15),621124
7012,       (2005 TF49),621287
896,       (2005 TR50),621298
4425,       (2005 TU50),621299
6,       (2005 UR),621872
21,       (2005 UW6),621919
4322,       (2005 UT64),622136
1147,       (2005 VO5),624263
3703,       (2005 VR7),624270
2565,       (2005 WD),624824
195,       (2005 WA1),624830
1451,       (2005 WY55),625049
3677,       (2005 XT77),625611
2971,       (2005 YU3),625707
28,       (2005 YS8),625723
3289,       (2005 YQ96),625981
1507,       (2006 AR3),626415
737,       (2006 AM4),626425
15,       (2006 BX39),626817
3553,       (2006 BE55),626874
10,       (2006 BX147),627161
4920,       (2006 CF),627522
28,       (2006 CU),627528
18,       (2006 CM10),627574
1943,       (2006 CT10),627576
1494,       (2006 DU62),627872
843,       (2006 GB),628452
32,       (2006 GC1),628456
3432,       (2006 HC2),628529
1099,       (2006 HD2),628530
3674,       (2006 HV5),628536
59,       (2006 HQ30),628584
1633,       (2006 HT30),628586
1053,       (2006 HW57),628636
3287,       (2006 KK21),629097
1343,       (2006 KD40),629174
2565,       (2006 KY86),629325
18,       (2006 KN89),629335
1829,       (2006 LK),629432
12,       (2006 LD1),629436
1573,       (2006 ON1),629481
3540,       (2006 PA1),629601
3199,       (2006 PY17),629644
2892,       (2006 QQ23),629789
3128,       (2006 RZ),630304
18,       (2006 RK1),630309
1253,       (2006 SS134),631608
2121,       (2006 TB),633054
5511,       (2006 TU7),633093
7,       (2006 TA8),633095
160,       (2006 UO),633701
4171,       (2006 UF17),633761
702,       (2006 UQ17),633765
2653,       (2006 UL217),634724
1110,       (2006 VG13),635386
56,       (2006 VT13),635389
1470,       (2006 WT1),636021
2653,       (2006 WJ3),636032
57,       (2006 YR2),636944
27,       (2007 AC2),637056
37,       (2007 AV2),637061
40,       (2007 AB12),637083
14,       (2007 BD7),637157
3423,       (2007 BJ29),637224
123,       (2007 CS26),637501
3516,       (2007 DY40),637778
2831,       (2007 DL41),637781
1933,       (2007 DS84),637924
3869,       (2007 DT103),637965
2908,       (2007 EC),638019
2246,       (2007 EF),638020
2956,       (2007 ED125),638345
4402,       (2007 FE),638555
18,       (2007 FF1),638560
1,       (2007 FT3),638578
16,       (2007 GQ3),638717
3217,       (2007 HA),638882
1003,       (2007 HE15),638930
31,       (2007 JY2),639124
61,       (2007 JH22),639184
23,       (2007 KG7),639259
3914,       (2007 LU19),639326
4051,       (2007 ML24),639409
7,       (2007 PR25),639523
3833,       (2007 PV27),639529
3534,       (2007 PF28),639534
3261,       (2007 RF2),639695
2957,       (2007 RU9),639733
3114,       (2007 RV9),639734
2213,       (2007 RU17),639782
296,       (2007 SQ6),641049
37,       (2007 SR11),641067
36,       (2007 TH1),641129
3311,       (2007 TS19),641217
3391,       (2007 TL23),641239
3665,       (2007 TQ24),641247
3895,       (2007 TR24),641248
3492,       (2007 TU24),641251
17,       (2007 UL12),643319
2972,       (2007 US12),643322
60,       (2007 UQ51),643493
19,       (2007 UR51),643494
17,       (2007 VG),644078
30,       (2007 VN3),644096
3168,       (2007 VT6),644107
1722,       (2007 VD12),644139
3097,       (2007 VZ137),644772
3312,       (2007 VM184),645002
20,       (2007 VP243),645302
33,       (2007 XN),645929
2050,       (2007 XY9),645962
23,       (2007 XD10),645966
50,       (2007 XK11),645972
1827,       (2007 YB2),646114
2423,       (2007 YQ56),646272
3011,       (2008 AX1),646368
3742,       (2008 AZ30),646490
2263,       (2008 AH33),646500
29,       (2008 AK33),646502
3415,       (2008 BD15),646915
2594,       (2008 CH),647032
3125,       (2008 CS1),647050
17,       (2008 CC6),647066
22,       (2008 CL116),647417
44,       (2008 DD),647735
3789,       (2008 DJ),647736
3624,       (2008 EE5),647998
2957,       (2008 EM7),648009
1,       (2008 EU68),648197
75,       (2008 FW5),648539
42,       (2008 FW6),648546
3134,       (2008 HH),649605
2072,       (2008 HS3),649628
2006,       (2008 HB38),649768
1414,       (2008 JG),649879
27,       (2008 JW2),649900
2547,       (2008 KV2),650033
9,       (2008 KE6),650051
352,       (2008 LW16),650228
14,       (2008 MP1),650237
1979,       (2008 NO3),650265
19,       (2008 NQ3),650267
2216,       (2008 OO),650273
2757,       (2008 OX1),650278
2921,       (2008 OS7),650297
3468,       (2008 OP8),650304
34,       (2008 ON13),650326
1307,       (2008 PF1),650369
35,       (2008 PJ9),650409
2016,       (2008 QS11),650513
62,       (2008 RV),650690
1414,       (2008 RM98),651137
5,       (2008 SC),651456
56,       (2008 SR1),651471
231,       (2008 SV11),651524
144,       (2008 SH82),651861
2400,       (2008 SJ82),651862
5,       (2008 SY148),652224
772,       (2008 TD2),653123
3293,       (2008 TC4),653139
741,       (2008 UU1),654386
705,       (2008 UE7),654429
2483,       (2008 UW91),654945
3665,       (2008 VB1),656593
22,       (2008 VL14),656646
2047,       (2008 WN2),657019
16,       (2008 WK61),657400
46,       (2008 WZ94),657536
57,       (2008 XN),657764
3003,       (2008 XB1),657769
26,       (2008 XA2),657777
2657,       (2008 XQ2),657784
3028,       (2008 XW2),657787
37,       (2008 YF),657949
2439,       (2008 YS27),658101
28,       (2009 AL),658767
16,       (2009 AC16),658851
10,       (2009 AE16),658853
3302,       (2009 BE58),659299
2008,       (2009 BJ58),659303
3295,       (2009 BL71),659361
23,       (2009 BD81),659405
854,       (2009 BE81),659406
1124,       (2009 CS),659912
1054,       (2009 CC3),659938
191,       (2009 DR3),660216
33,       (2009 DS10),660252
2014,       (2009 DH39),660426
1389,       (2009 DZ42),660439
16,       (2009 DM45),660456
2660,       (2009 DL46),660461
2928,       (2009 EP2),660847
2909,       (2009 FE),660936
12402,       (2009 FF),660937
4026,       (2009 FU4),660963
1087,       (2009 FY4),660967
3362,       (2009 FU23),661048
942,       (2009 HV2),661288
3019,       (2009 HA21),661355
3281,       (2009 HD21),661358
49,       (2009 HV58),661487
2530,       (2009 JR),661670
953,       (2009 KK),661777
7,       (2009 KD3),661794
1687,       (2009 KE3),661795
1025,       (2009 KK8),661821
9,       (2009 LQ),662000
3304,       (2009 LW2),662008
186,       (2009 OF),662086
3294,       (2009 OG),662087
3283,       (2009 QJ9),662371
118,       (2009 RV1),662709
41,       (2009 RZ3),662725
56,       (2009 SB),663088
4,       (2009 SN),663098
1275,       (2009 SW17),663221
1709,       (2009 SG18),663228
6357,       (2009 ST19),663235
3509,       (2009 ST103),663751
943,       (2009 TK12),665148
34,       (2009 UQ),665304
18,       (2009 UY17),665419
2557,       (2009 VW),666122
1965,       (2009 VZ),666124
950,       (2009 VA26),666319
11,       (2009 VQ44),666436
90,       (2009 WJ1),666754
3171,       (2009 WM1),666756
37,       (2009 XV),667870
42,       (2009 XT6),667901
2143,       (2010 AF30),668177
2599,       (2010 BK2),668878
1943,       (2010 CN44),670403
744,       (2010 DO),671647
,       (2010 DG77),672210
3,       (2010 DJ77),672212
44,       (2010 EF44),672644
233,       (2010 EK44),672645
,       (2010 EC46),672657
2387,       (2010 FQ),673224
239,       (2010 FF10),673278
97,       (2010 FC81),673738
154,       (2010 GS7),674044
76,       (2010 GT7),674045
136,       (2010 GU21),674186
1788,       (2010 JG),676261
205,       (2010 JK33),676565
6846,       (2010 JL33),676566
216,       (2010 JV34),676578
7,       (2010 JJ41),676601
38,       (2010 JN71),676869
23,       (2010 JE88),676949
23,       (2010 KQ10),677660
1316,       (2010 KR10),677661
9,       (2010 LK34),679262
15,       (2010 LZ63),679556
2928,       (2010 MF1),680260
2532,       (2010 MU112),681425
869,       (2010 ON101),683617
1488,       (2010 PK9),683944
1883,       (2010 PW58),684393
1332,       (2010 RA147),685375
139,       (2010 RF181),685530
1515,       (2010 SH13),685675
2114,       (2010 SC41),685872
4007,       (2010 TP54),686316
2594,       (2010 TP55),686336
4067,       (2010 TS149),686907
1353,       (2010 TU149),686909
4030,       (2010 TV149),686910
2622,       (2010 TX168),687016
2370,       (2010 UD),687184
80,       (2010 UY6),687230
1,       (2010 UG7),687237
1305,       (2010 UQ7),687244
16,       (2010 US7),687246
1364,       (2010 UK8),687258
1541,       (2010 VZ),687851
1338,       (2010 VG1),687854
2594,       (2010 VT11),687895
2501,       (2010 VD72),688228
38,       (2010 WV8),689279
135,       (2010 WZ8),689282
1726,       (2010 XC11),689676
2549,       (2010 XC15),689692
266,       (2010 XB24),689749
1413,       (2010 XC25),689757
1824,       (2010 XA68),689922
2306,       (2010 XP69),689934
1908,       (2010 YB),690025
1871,       (2011 AM24),690198
17,       (2011 AT26),690209
1897,       (2011 BX10),690673
2362,       (2011 BY18),690734
1457,       (2011 BE38),690892
39,       (2011 BM45),690971
2016,       (2011 BO59),691101
8,       (2011 BT59),691103
1856,       (2011 CG2),691868
2325,       (2011 CT4),691884
2538,       (2011 CC22),692026
1269,       (2011 CY46),692219
73,       (2011 CB50),692235
364,       (2011 DV),692839
1421,       (2011 DS9),692900
1963,       (2011 EL11),693182
255,       (2011 EF17),693222
1853,       (2011 EG17),693223
34,       (2011 EO40),693343
16,       (2011 EL51),693414
2209,       (2011 EO51),693416
1832,       (2011 GA),694302
4314,       (2011 GM44),694480
2589,       (2011 GN44),694481
2323,       (2011 GS60),694563
2688,       (2011 GQ61),694566
36,       (2011 JA),695256
18,       (2011 JD1),695270
1745,       (2011 JR13),695341
2521,       (2011 KE),695445
9,       (2011 KU15),695556
1679,       (2011 KO17),695575
575,       (2011 LT17),695844
1944,       (2011 LA19),695852
2143,       (2011 LC19),695854
147,       (2011 LJ19),695856
2450,       (2011 MU),695921
1108,       (2011 OA),695998
8749,       (2011 OB),695999
942,       (2011 OR15),696122
732,       (2011 OV18),696159
2067,       (2011 PS),696327
1619,       (2011 PO1),696338
71,       (2011 RJ1),697115
2462,       (2011 SR5),697399
653,       (2011 SO32),697638
1807,       (2011 SM68),697943
1662,       (2011 TK),699488
1063,       (2011 TC4),699520
2155,       (2011 TX8),699565
1223,       (2011 TN9),699571
2189,       (2011 UG20),699801
2345,       (2011 UH20),699802
2128,       (2011 UT20),699812
1650,       (2011 UV63),700142
1326,       (2011 UE305),701867
109,       (2011 VU5),702562
1129,       (2011 WA),702697
386,       (2011 WL2),702718
2419,       (2011 WO4),702734
2296,       (2011 WN15),702825
10,       (2011 WN46),703088
11,       (2011 WR46),703092
101,       (2011 XM1),703779
1467,       (2011 XA3),703788
169,       (2011 YE6),703842
1839,       (2011 YG6),703843
182,       (2011 YH28),703955
34,       (2011 YJ28),703956
1173,       (2011 YV62),704137
1135,       (2012 AD3),704268
1224,       (2012 AA11),704321
1752,       (2012 BN11),704518
190,       (2012 BS23),704599
5174,       (2012 BT23),704600
1450,       (2012 BU61),704771
1090,       (2012 BJ86),704947
1273,       (2012 BM86),704950
15080,       (2012 BB124),705187
161,       (2012 CA21),705572
191,       (2012 CA55),705771
22,       (2012 DE31),706020
1452,       (2012 DK31),706024
2234,       (2012 DJ61),706233
1427,       (2012 FQ1),706812
1125,       (2012 FR1),706813
1058,       (2012 FG58),707231
1152,       (2012 FO62),707255
708,       (2012 GV17),707587
1093,       (2012 HJ1),707758
1456,       (2012 HG8),707814
1089,       (2012 HG31),707977
1677,       (2012 HZ33),708010
206,       (2012 JS11),708430
1507,       (2012 KA4),708737
2605,       (2012 KC6),708760
23,       (2012 KU12),708815
1108,       (2012 LR1),709075
1443,       (2012 LZ1),709079
1603,       (2012 LK11),709161
1173,       (2012 MU2),709259
4726,       (2012 MS4),709271
1862,       (2012 MJ6),709287
24,       (2012 MZ6),709294
2181,       (2012 MM11),709318
1278,       (2012 NN),709339
648,       (2012 OO),709354
2035,       (2012 OQ),709355
2221,       (2012 OD1),709362
1323,       (2012 OP4),709387
36,       (2012 PS4),709452
1019,       (2012 PP28),709694
1684,       (2012 QQ10),709940
1019,       (2012 QG42),710191
1377,       (2012 QE50),710252
36,       (2012 RG15),710433
4255,       (2012 SD22),710865
922,       (2012 TY52),711886
1800,       (2012 TF53),711892
5757,       (2012 TO139),712719
1549,       (2012 TP139),712720
7329,       (2012 UZ33),714822
1586,       (2012 UR136),715773
5466,       (2012 UU136),715776
52,       (2012 UR138),715803
1361,       (2012 UR158),715960
40,       (2012 VK6),716316
94,       (2012 VL6),716317
151,       (2012 VO6),716320
217,       (2012 VF37),716639
1135,       (2012 VE46),716714
1508,       (2012 VC82),717037
1135,       (2012 XY6),717667
1135,       (2012 XO111),718390
1114,       (2012 XA133),718503
28,       (2012 XF133),718508
51,       (2012 XJ134),718517
1836,       (2012 YO1),718704
197,       (2012 YQ1),718705
1356,       (2012 YO3),718723
1251,       (2012 YY6),718751
1655,       (2013 AN20),718961
414,       (2013 AS27),719010
1509,       (2013 AX52),719168
32,       (2013 AN60),719226
2008,       (2013 BC18),720879
8,       (2013 BD18),720880
1745,       (2013 BE19),720898
717,       (2013 BO76),721294
1071,       (2013 BW76),721296
423,       (2013 CW32),721638
1131,       (2013 CU83),722053
1479,       (2013 EW27),723450
747,       (2013 ED28),723457
965,       (2013 ER89),723790
151,       (2013 EV108),723914
283,       (2013 EO126),724024
1348,       (2013 FX7),724206
50,       (2013 FA8),724209
1927,       (2013 FW13),724268
1073,       (2013 GY7),724486
188,       (2013 GR38),724715
964,       (2013 GS66),724871
286,       (2013 GG69),724892
5084,       (2013 GZ73),724928
1672,       (2013 GA80),724970
640,       (2013 GH84),725006
3229,       (2013 HT15),725549
1483,       (2013 JM7),728089
60,       (2013 JN7),728090
39,       (2013 JM14),728144
5067,       (2013 JL22),728223
37,       (2013 JR28),728272
737,       (2013 KZ1),728582
1452,       (2013 LE16),728842
737,       (2013 LG16),728844
218,       (2013 LM31),728943
1345,       (2013 LN31),728944
12434,       (2013 NV),729144
1417,       (2013 NJ10),729228
44,       (2013 NF19),729310
47,       (2013 ND24),729342
16,       (2013 OD4),729583
157,       (2013 PV13),729848
9,       (2013 QR1),730660
1143,       (2013 QU1),730662
1196,       (2013 QC11),730785
1634,       (2013 RZ73),732311
166,       (2013 RH74),732319
228,       (2013 RJ74),732320
261,       (2013 SW24),732886
1649,       (2013 TR132),734755
1208,       (2013 TE135),734785
1152,       (2013 TT135),734798
1377,       (2013 TV135),734800
1656,       (2013 US3),735238
14928,       (2013 UH9),735317
1063,       (2013 VO5),735607
50,       (2013 VY13),735726
1638,       (2013 WR43),736240
174,       (2013 WT44),736264
940,       (2013 WT45),736286
39,       (2013 WR67),736429
1100,       (2013 WF108),736653
696,       (2013 XW3),736767
1427,       (2013 XN24),736949
1447,       (2013 YC),736988
4231,       (2013 YP139),738038
1002,       (2014 AY28),738418
199,       (2014 AF51),738570
618,       (2014 BW2),738728
30,       (2014 BX2),738729
91,       (2014 CY4),739367
1347,       (2014 CD13),739441
1319,       (2014 CU13),739455
4587,       (2014 DM22),739823
1607,       (2014 DN112),740475
30,       (2014 EQ12),741098
756,       (2014 EG45),741326
46,       (2014 EQ49),741366
206,       (2014 ER49),741367
1407,       (2014 FO47),744213
1090,       (2014 GG17),744537
1180,       (2014 GE35),744654
9,       (2014 HE124),745929
1495,       (2014 HQ124),745938
528,       (2014 HK129),745979
1058,       (2014 HV177),746294
1,       (2014 HN197),746505
2200,       (2014 JO25),746997
1095,       (2014 JS54),747277
44,       (2014 JV55),747300
37,       (2014 KM4),747832
1162,       (2014 KP4),747835
138,       (2014 KS40),748181
979,       (2014 KZ45),748236
1302,       (2014 KT76),748468
30,       (2014 KP84),748553
1361,       (2014 KV86),748574
176,       (2014 KB91),748605
3632,       (2014 LJ21),749077
164,       (2014 MP5),749285
162,       (2014 MF6),749301
213,       (2014 MJ6),749304
202,       (2014 MK55),749725
1,       (2014 MV67),749849
3,       (2014 MC68),749855
22,       (2014 NB52),750408
312,       (2014 NE52),750411
43,       (2014 NK52),750416
1132,       (2014 NG65),750559
1436,       (2014 OY1),750753
64,       (2014 OT111),752096
1316,       (2014 OX299),754128
168,       (2014 OM339),754668
27,       (2014 OJ392),755131
2890,       (2014 PG51),756279
159,       (2014 PS59),756376
1478,       (2014 PW59),756379
913,       (2014 QC3),756776
1138,       (2014 QO296),758979
2,       (2014 QO390),759859
1114,       (2014 QX432),760221
1120,       (2014 QL433),760234
1375,       (2014 QK434),760247
1018,       (2014 SS1),762043
1242,       (2014 SP142),762878
617,       (2014 SM143),762896
29,       (2014 SM260),763630
31,       (2014 TN17),764735
85,       (2014 TW32),764866
904,       (2014 TY33),764882
221,       (2014 TA36),764919
942,       (2014 UQ56),766213
3302,       (2014 UR116),766717
5389,       (2014 VL6),767896
33,       (2014 WD7),768385
189,       (2014 WZ120),769370
1121,       (2014 WD201),769927
360,       (2014 WT202),769963
31,       (2014 WV363),770911
271,       (2014 WE365),770938
1290,       (2014 WG365),770939
24,       (2014 WR367),770982
37,       (2014 WK368),770988
1084,       (2014 XJ3),772165
713,       (2014 XL7),772217
1025,       (2014 YY8),772561
63,       (2014 YL14),772623
710,       (2014 YR15),772648
888,       (2014 YS34),772758
826,       (2014 YW34),772762
669,       (2014 YB35),772767
387,       (2015 AH),773169
479,       (2015 AR45),773655
194,       (2015 AY245),774689
124,       (2015 BS4),775389
794,       (2015 BY310),778953
145,       (2015 BZ310),778954
1230,       (2015 BL311),778963
765,       (2015 BN311),778965
174,       (2015 BK515),780371
1262,       (2015 BP515),780376
2,       (2015 BX516),780400
3,       (2015 BO519),780452
1141,       (2015 CX12),781454
1206,       (2015 CV13),781475
190,       (2015 CZ13),781479
10,       (2015 DB1),782102
39,       (2015 DH155),783126
1241,       (2015 DP155),783133
875,       (2015 DU180),783340
1035,       (2015 DC200),783446
28,       (2015 DG200),783450
54,       (2015 DN215),783565
404,       (2015 DR215),783569
766,       (2015 DV215),783573
948,       (2015 EK7),784265
5413,       (2015 EO61),784534
44,       (2015 FJ),784660
123,       (2015 FL),784662
210,       (2015 FC35),784828
208,       (2015 FF35),784831
1080,       (2015 FQ117),785169
18,       (2015 FS117),785171
768,       (2015 FN118),785189
1209,       (2015 FP118),785191
1708,       (2015 FT118),785195
47,       (2015 FE120),785209
43,       (2015 FV284),785692
723,       (2015 FS332),785978
662,       (2015 GY),786696
240,       (2015 GZ13),786808
521,       (2015 HB10),787395
1145,       (2015 HR11),787429
3231,       (2015 HY116),788238
49,       (2015 HX176),788575
1,       (2015 HV182),788638
61,       (2015 JV),788888
272,       (2015 JD1),788896
1116,       (2015 JY1),788916
153,       (2015 KB19),789213
714,       (2015 KJ122),789876
1115,       (2015 KH157),790093
186,       (2015 KL157),790096
5106,       (2015 LG2),790338
118,       (2015 LK24),790469
199,       (2015 MW53),791039
6427,       (2015 MT96),791527
9,       (2015 MG116),791646
951,       (2015 NJ3),792177
153,       (2015 NK13),792252
231,       (2015 NU13),792261
47,       (2015 NZ13),792266
32,       (2015 OC22),792632
285,       (2015 OL35),792788
1095,       (2015 PM),793583
269,       (2015 PR228),794465
59,       (2015 PU228),794468
11,       (2015 PM307),794694
1116,       (2015 QO3),794989
953,       (2015 RS1),795249
202,       (2015 RH2),795262
56,       (2015 RA36),795532
20,       (2015 RP82),796139
1042,       (2015 RR150),796627
871,       (2015 SY16),797977
20,       (2015 TX24),798450
221,       (2015 TV144),799236
22,       (2015 TB145),799242
38,       (2015 TH145),799248
950,       (2015 TK178),799515
21,       (2015 TL178),799516
27,       (2015 TR178),799522
804,       (2015 TM237),800021
9,       (2015 TY237),800033
57,       (2015 TK238),800044
10,       (2015 TD323),800593
5044,       (2015 TE323),800594
587,       (2015 UR51),801923
914,       (2015 UK52),801940
206,       (2015 VE1),802372
749,       (2015 WA2),803801
917,       (2015 WG9),803853
772,       (2015 XP129),805009
3993,       (2015 XD130),805022
39,       (2015 XK261),805809
763,       (2015 XK351),806286
4836,       (2015 XA352),806300
858,       (2015 XE352),806304
138,       (2015 XW377),806420
34,       (2015 XU378),806442
44,       (2015 YU7),807421
16,       (2015 YY9),807443
173,       (2016 AL8),807736
1347,       (2016 AZ8),807749
58,       (2016 AA10),807773
762,       (2016 AC65),808208
96,       (2016 AF193),809181
520,       (2016 AH193),809183
111,       (2016 AJ193),809184
78,       (2016 BE1),811110
76,       (2016 BC14),811191
37,       (2016 BP14),811202
51,       (2016 BV14),811208
223,       (2016 BZ14),811212
894,       (2016 BD15),811216
30,       (2016 BT39),811495
717,       (2016 BR80),812027
186,       (2016 CS29),812970
126,       (2016 CC30),812978
805,       (2016 CA136),813762
770,       (2016 CL136),813771
67,       (2016 CW137),813806
696,       (2016 CU193),814127
24,       (2016 CW193),814129
5213,       (2016 CB194),814133
5837,       (2016 CJ195),814163
704,       (2016 CO247),814584
71,       (2016 CR247),814587
958,       (2016 CL264),814698
2231,       (2016 DL),815989
40,       (2016 EF28),816816
26,       (2016 EJ56),816933
30,       (2016 EL56),816935
113,       (2016 EC85),817259
518,       (2016 EU85),817276
158,       (2016 EH157),818013
290,       (2016 EZ157),818028
192,       (2016 FY3),819531
768,       (2016 FC15),819719
66,       (2016 FG60),820429
220,       (2016 GQ134),822456
207,       (2016 GD135),822467
8685,       (2016 GT220),822975
31,       (2016 GX221),823000
19,       (2016 GD241),823055
50,       (2016 HL),823534
138,       (2016 HN3),823568
727,       (2016 HV3),823575
42,       (2016 JW5),823926
44,       (2016 JC6),823932
766,       (2016 JJ24),824179
122,       (2016 JU33),824298
1,       (2016 JT38),824364
2270,       (2016 KL1),824469
12,       (2016 KR3),824491
191,       (2016 LN1),824650
12,       (2016 LV47),825074
195,       (2016 LX48),825101
5214,       (2016 MK1),825452
236,       (2016 NV),825511
152,       (2016 NG15),825670
241,       (2016 NO16),825700
702,       (2016 NT22),825769
721,       (2016 NQ32),825845
372,       (2016 NG33),825861
1,       (2016 NF56),826085
3,       (2016 NL56),826088
201,       (2016 OK1),826791
799,       (2016 OP5),826836
54,       (2016 PF8),827016
290,       (2016 PR8),827026
178,       (2016 PN38),827299
203,       (2016 PR38),827303
448,       (2016 PO39),827324
253,       (2016 PQ39),827326
54,       (2016 PZ39),827334
1,       (2016 PO66),827459
213,       (2016 QJ44),829115
26,       (2016 QC45),829133
33,       (2016 QE45),829135
31,       (2016 RN1),829789
143,       (2016 RT1),829795
141,       (2016 SJ1),830568
177,       (2016 TZ17),831520
122,       (2016 TJ18),831529
379,       (2016 TR54),831781
11,       (2016 TH55),831794
19,       (2016 TA57),831830
40,       (2016 UZ25),832553
670,       (2016 UJ31),832628
29,       (2016 UW40),832766
53,       (2016 UF101),833723
21,       (2016 VC1),834521
260,       (2016 VS5),834627
60,       (2016 WP),834852
5141,       (2016 WJ1),834871
149,       (2016 WJ7),834976
192,       (2016 WF9),835022
234,       (2016 WG9),835023
197,       (2016 WW9),835037
168,       (2016 XM),835600
22,       (2016 XG1),835616
18,       (2016 XA2),835633
195,       (2016 XH2),835640
28,       (2016 XW17),835774
12,       (2016 XC18),835779
18,       (2016 XM23),835845
171,       (2016 XO23),835846
29,       (2016 XP23),835847
128,       (2016 YZ),835893
364,       (2016 YW7),835977
189,       (2016 YT8),835997
18,       (2016 YB11),836027
26,       (2017 AE3),836101
107,       (2017 AM4),836128
51,       (2017 AY13),836241
250,       (2017 AN19),836290
173,       (2017 AQ19),836293
1,       (2017 AB21),836325
1,       (2017 AG21),836330
15,       (2017 BF3),836446
54,       (2017 BL3),836451
10,       (2017 BP5),836480
130,       (2017 BQ6),836504
486,       (2017 BD29),836789
257,       (2017 BP31),836846
60,       (2017 BR31),836848
25,       (2017 BS31),836849
274,       (2017 BK92),837559
111,       (2017 BQ93),837588
1,       (2017 BC136),838092
248,       (2017 CS),838201
288,       (2017 CH1),838212
236,       (2017 CM32),838701
18,       (2017 DN109),840158
62,       (2017 EN),840403
533,       (2017 ED4),840492
208,       (2017 EQ13),840637
41,       (2017 ER13),840638
214,       (2017 FE1),840823
218,       (2017 FQ64),841745
41,       (2017 FE65),841759
27,       (2017 FN128),842646
244,       (2017 GK4),842854
20,       (2017 GM4),842856
149,       (2017 GP6),842904
191,       (2017 GM7),842924
1067,       (2017 HT2),843060
210,       (2017 HP3),843078
272,       (2017 HX3),843086
248,       (2017 HY50),843464
24,       (2017 JT2),843592
168,       (2017 JD3),843602
23,       (2017 JE3),843603
36,       (2017 JF3),843604
446,       (2017 KZ4),843741
116,       (2017 KN34),844074
194,       (2017 LU),844142
176,       (2017 MA),844168
15,       (2017 MC),844170
8,       (2017 MA1),844192
238,       (2017 MB1),844193
152,       (2017 MV2),844215
16,       (2017 MH7),844291
178,       (2017 MN7),844296
386,       (2017 MU8),844324
165,       (2017 NH),844358
368,       (2017 NK),844360
358,       (2017 NS5),844415
122,       (2017 NM6),844426
37,       (2017 NN6),844427
217,       (2017 OA),844439
64,       (2017 OL1),844465
220,       (2017 OP19),844674
144,       (2017 PR25),845285
130,       (2017 PV26),845314
38,       (2017 QW17),845838
218,       (2017 QL33),846028
201,       (2017 QV34),846050
345,       (2017 QY34),846053
1,       (2017 QC36),846079
186,       (2017 RL),846654
29,       (2017 RV),846664
260,       (2017 RV1),846688
96,       (2017 RR15),846871
110,       (2017 SN2),848885
281,       (2017 SG14),849053
138,       (2017 SL17),849105
225,       (2017 SV20),849186
14,       (2017 SY32),849392
139,       (2017 TK1),851417
7,       (2017 TG2),851438
181,       (2017 TV4),851500
186,       (2017 TH6),851536
42,       (2017 TN6),851541
223,       (2017 UR4),851767
242,       (2017 UX5),851798
6640,       (2017 UY5),851799
42,       (2017 UZ7),851848
291,       (2017 UY42),852376
1945,       (2017 UE45),852429
41,       (2017 UQ51),852492
37,       (2017 VD),852517
54,       (2017 VV),852532
28,       (2017 VJ1),852544
197,       (2017 VX1),852558
211,       (2017 VR12),852730
111,       (2017 VW13),852760
59,       (2017 VV14),852783
183,       (2017 VO15),852801
49,       (2017 WG2),853157
5,       (2017 WJ2),853159
118,       (2017 WX12),853338
29,       (2017 WV13),853361
56,       (2017 WK14),853374
31,       (2017 WC15),853391
56,       (2017 WN16),853426
111,       (2017 WN28),853588
50,       (2017 XC),853628
41,       (2017 XA1),853649
58,       (2017 XL2),853684
74,       (2017 YH1),854800
72,       (2017 YR1),854809
230,       (2017 YZ1),854817
222,       (2017 YE5),854892
49,       (2017 YT5),854906
34,       (2017 YS8),854980
39,       (2018 AT),855116
52,       (2018 AE2),855152
54,       (2018 AJ12),855314
80,       (2018 AM12),855317
46,       (2018 BP),855425
48,       (2018 BO1),855448
182,       (2018 BY2),855473
44,       (2018 BZ2),855474
43,       (2018 BM3),855486
41,       (2018 BT6),855568
100,       (2018 BA7),855575
208,       (2018 CZ2),855772
4018,       (2018 DA1),856058
163,       (2018 DH1),856065
122,       (2018 EB),856121
74,       (2018 EE),856124
160,       (2018 EM2),856180
83,       (2018 ED4),856214
18,       (2018 EH4),856218
89,       (2018 EJ4),856219
146,       (2018 FS3),856349
140,       (2018 FJ4),856364
30,       (2018 FJ5),856386
149,       (2018 FO5),856389
104,       (2018 GM),856645
41,       (2018 GJ1),856666
241,       (2018 GG2),856689
20,       (2018 HQ),856893
20,       (2018 HL2),856935
31,       (2018 JA),856963
53,       (2018 JD2),857016
12,       (2018 JK3),857047
1603,       (2018 JD5),857077
86,       (2018 KB1),857108
62,       (2018 LK),857181
79,       (2018 LB1),857198
81,       (2018 LL2),857221
35,       (2018 LC3),857238
83,       (2018 LF5),857290
57,       (2018 LZ13),857417
43,       (2018 LG16),857443
57,       (2018 MV4),857492
32,       (2018 MR5),857512
50,       (2018 MW6),857533
36,       (2018 MY6),857535
16,       (2018 MG7),857543
35,       (2018 NC),857570
32,       (2018 NY14),857761
1,       (2018 NE15),857767
1,       (2018 NF15),857768
25,       (2018 OB1),857797
3,       (2018 PH22),857994
4,       (2018 PL23),858022
4,       (2018 PQ23),858027
4,       (2018 QT),858073
17298,       (6344 P-L),858093
